tt0062622;tt0062622.mp4
tt0022100;tt0022100.mp4
tt0434409;tt0434409.mp4
tt0025316;tt0025316.mp4
tt0114369;tt0114369.mp4
tt0047478;tt0047478.mp4
tt1187043;tt1187043.mp4
tt5027774;tt5027774.mp4
tt0317248;tt0317248.mp4
tt0105695;tt0105695.mp4
tt0046438;tt0046438.mp4
tt0120735;tt0120735.mp4
tt2024544;tt2024544.mp4
tt0089881;tt0089881.mp4
tt0031381;tt0031381.mp4
tt0072684;tt0072684.mp4
tt0082096;tt0082096.mp4
tt0092005;tt0092005.mp4
tt0110912;tt0110912.mp4
tt5311514;tt5311514.mp4
tt0060827;tt0060827.mp4
tt0107048;tt0107048.mp4
tt0208092;tt0208092.mp4
tt0040522;tt0040522.mp4
tt0050825;tt0050825.mp4
tt0093058;tt0093058.mp4
tt0056801;tt0056801.mp4
tt0093779;tt0093779.mp4
tt0033467;tt0033467.mp4
tt0116282;tt0116282.mp4
tt0075314;tt0075314.mp4
tt0325980;tt0325980.mp4
tt1291584;tt1291584.mp4
tt0112573;tt0112573.mp4
tt0050083;tt0050083.mp4
tt0114746;tt0114746.mp4
tt0245429;tt0245429.mp4
tt0993846;tt0993846.mp4
tt0050783;tt0050783.mp4
tt0034583;tt0034583.mp4
tt0395169;tt0395169.mp4
tt0052311;tt0052311.mp4
tt0036775;tt0036775.mp4
tt0066921;tt0066921.mp4
tt0031679;tt0031679.mp4
tt0047396;tt0047396.mp4
tt1201607;tt1201607.mp4
tt0347149;tt0347149.mp4
tt0071315;tt0071315.mp4
tt1392214;tt1392214.mp4
tt0053198;tt0053198.mp4
tt0088763;tt0088763.mp4
tt0107207;tt0107207.mp4
tt0019254;tt0019254.mp4
tt0021749;tt0021749.mp4
tt0032553;tt0032553.mp4
tt0073195;tt0073195.mp4
tt0057115;tt0057115.mp4
tt0017136;tt0017136.mp4
tt0211915;tt0211915.mp4
tt0095765;tt0095765.mp4
tt0092067;tt0092067.mp4
tt2096673;tt2096673.mp4
tt0082971;tt0082971.mp4
tt0097576;tt0097576.mp4
tt0057012;tt0057012.mp4
tt0099685;tt0099685.mp4
tt0075686;tt0075686.mp4
tt0060107;tt0060107.mp4
tt0052618;tt0052618.mp4
tt0012349;tt0012349.mp4
tt2380307;tt2380307.mp4
tt0017925;tt0017925.mp4
tt0118849;tt0118849.mp4
tt0071853;tt0071853.mp4
tt0079470;tt0079470.mp4
tt2278388;tt2278388.mp4
tt0363163;tt0363163.mp4
tt1454029;tt1454029.mp4
tt0119698;tt0119698.mp4
tt0078748;tt0078748.mp4
tt0090605;tt0090605.mp4
tt0042192;tt0042192.mp4
tt0087884;tt0087884.mp4
tt0986264;tt0986264.mp4
tt0119217;tt0119217.mp4
tt1028532;tt1028532.mp4
tt0113247;tt0113247.mp4
tt0198781;tt0198781.mp4
tt0046268;tt0046268.mp4
tt0046911;tt0046911.mp4
tt0054215;tt0054215.mp4
tt0081398;tt0081398.mp4
tt0032551;tt0032551.mp4
tt0476735;tt0476735.mp4
tt3170832;tt3170832.mp4
tt0120815;tt0120815.mp4
tt0051201;tt0051201.mp4
tt0137523;tt0137523.mp4
tt5074352;tt5074352.mp4
tt0027977;tt0027977.mp4
tt0068646;tt0068646.mp4
tt0071562;tt0071562.mp4
tt0361748;tt0361748.mp4
tt0407887;tt0407887.mp4
tt0338564;tt0338564.mp4
tt0018455;tt0018455.mp4
tt0043014;tt0043014.mp4
tt0076759;tt0076759.mp4
tt0086190;tt0086190.mp4
tt0080684;tt0080684.mp4
tt0816692;tt0816692.mp4
tt0910970;tt0910970.mp4
tt0353969;tt0353969.mp4
tt0056592;tt0056592.mp4
tt0266697;tt0266697.mp4
tt1979320;tt1979320.mp4
tt0050212;tt0050212.mp4
tt0053604;tt0053604.mp4
tt0180093;tt0180093.mp4
tt0120382;tt0120382.mp4
tt0246578;tt0246578.mp4
tt0097165;tt0097165.mp4
tt0102926;tt0102926.mp4
tt0119488;tt0119488.mp4
tt0075148;tt0075148.mp4
tt0266543;tt0266543.mp4
tt2267998;tt2267998.mp4
tt0015864;tt0015864.mp4
tt0457430;tt0457430.mp4
tt0079944;tt0079944.mp4
tt0167404;tt0167404.mp4
tt0072890;tt0072890.mp4
tt0053291;tt0053291.mp4
tt1255953;tt1255953.mp4
tt2582802;tt2582802.mp4
tt3783958;tt3783958.mp4
tt0381681;tt0381681.mp4
tt0112471;tt0112471.mp4
tt0245712;tt0245712.mp4
tt2106476;tt2106476.mp4
tt0110357;tt0110357.mp4
tt0077416;tt0077416.mp4
tt0117951;tt0117951.mp4
tt0978762;tt0978762.mp4
tt0114709;tt0114709.mp4
tt0078788;tt0078788.mp4
tt1954470;tt1954470.mp4
tt1954470;tt1954470.mp4
tt0083987;tt0083987.mp4
tt0044741;tt0044741.mp4
tt0038650;tt0038650.mp4
tt0055630;tt0055630.mp4
tt0074958;tt0074958.mp4
tt0046912;tt0046912.mp4
tt0086250;tt0086250.mp4
tt1392190;tt1392190.mp4
tt0405159;tt0405159.mp4
tt1375666;tt1375666.mp4
tt0113277;tt0113277.mp4
tt0047296;tt0047296.mp4
tt0040897;tt0040897.mp4
tt0064115;tt0064115.mp4
tt1130884;tt1130884.mp4
tt0084787;tt0084787.mp4
tt0405094;tt0405094.mp4
tt0050976;tt0050976.mp4
tt0041959;tt0041959.mp4
tt1832382;tt1832382.mp4
tt0055031;tt0055031.mp4
tt0088247;tt0088247.mp4
tt0103064;tt0103064.mp4
tt0120689;tt0120689.mp4
tt0032138;tt0032138.mp4
tt0042876;tt0042876.mp4
tt0118799;tt0118799.mp4
tt0268978;tt0268978.mp4
tt0338013;tt0338013.mp4
tt0120586;tt0120586.mp4
tt0169547;tt0169547.mp4
tt0087843;tt0087843.mp4
tt0101414;tt0101414.mp4
tt0477348;tt0477348.mp4
tt1205489;tt1205489.mp4
tt0364569;tt0364569.mp4
tt1895587;tt1895587.mp4
tt0111161;tt0111161.mp4
tt0091251;tt0091251.mp4
tt0482571;tt0482571.mp4
tt0083922;tt0083922.mp4
tt0405508;tt0405508.mp4
tt0118694;tt0118694.mp4
tt3011894;tt3011894.mp4
tt0758758;tt0758758.mp4
tt0086879;tt0086879.mp4
tt0095327;tt0095327.mp4
tt0105236;tt0105236.mp4
tt0095016;tt0095016.mp4
tt0372784;tt0372784.mp4
tt0468569;tt0468569.mp4
tt0032976;tt0032976.mp4
tt2119532;tt2119532.mp4
tt0469494;tt0469494.mp4
tt1853728;tt1853728.mp4
tt0053125;tt0053125.mp4
tt0064116;tt0064116.mp4
tt0172495;tt0172495.mp4
tt1675434;tt1675434.mp4
tt0209144;tt0209144.mp4
tt0118715;tt0118715.mp4
tt0440963;tt0440963.mp4
tt1305806;tt1305806.mp4
tt0080678;tt0080678.mp4
tt0112641;tt0112641.mp4
tt0108052;tt0108052.mp4
tt0110413;tt0110413.mp4
tt0052357;tt0052357.mp4
tt0264464;tt0264464.mp4
tt0091763;tt0091763.mp4
tt0050986;tt0050986.mp4
tt3315342;tt3315342.mp4
tt0253474;tt0253474.mp4
tt0061512;tt0061512.mp4
tt0083658;tt0083658.mp4
tt1856101;tt1856101.mp4
tt0081505;tt0081505.mp4
tt0058946;tt0058946.mp4
tt0056172;tt0056172.mp4
tt0109830;tt0109830.mp4
tt0045152;tt0045152.mp4
tt0087544;tt0087544.mp4
tt1049413;tt1049413.mp4
tt0073486;tt0073486.mp4
tt0033870;tt0033870.mp4
tt0892769;tt0892769.mp4
tt0070735;tt0070735.mp4
tt0120737;tt0120737.mp4
tt0167261;tt0167261.mp4
tt0167260;tt0167260.mp4
tt0059578;tt0059578.mp4
tt0060196;tt0060196.mp4
tt0036868;tt0036868.mp4
tt0133093;tt0133093.mp4
tt1345836;tt1345836.mp4
tt0096283;tt0096283.mp4
tt0118884;tt0118884.mp4
tt1798188;ghibli/tt1798188.mp4
tt0412769;ghibli/tt0412769.mp4
tt0095327;ghibli/tt0095327.mp4
tt4673554;ghibli/tt4673554.mp4
tt0092067;ghibli/tt0092067.mp4
tt0079833;ghibli/tt0079833.mp4
tt0206013;ghibli/tt0206013.mp4
tt0096283;ghibli/tt0096283.mp4
tt0087544;ghibli/tt0087544.mp4
tt0108432;ghibli/tt0108432.mp4
tt0102587;ghibli/tt0102587.mp4
tt0114038;ghibli/tt0114038.mp4
tt0876563;ghibli/tt0876563.mp4
tt0104652;ghibli/tt0104652.mp4
tt0119698;ghibli/tt0119698.mp4
tt0245429;ghibli/tt0245429.mp4
tt0495596;ghibli/tt0495596.mp4
tt1568921;ghibli/tt1568921.mp4
tt0347618;ghibli/tt0347618.mp4
tt3204392;ghibli/tt3204392.mp4
tt0110008;ghibli/tt0110008.mp4
tt3666024;ghibli/tt3666024.mp4
tt2576852;ghibli/tt2576852.mp4
tt2013293;ghibli/tt2013293.mp4
tt3398268;ghibli/tt3398268.mp4
tt0113824;ghibli/tt0113824.mp4
tt0097814;ghibli/tt0097814.mp4
tt0347149;ghibli/tt0347149.mp4
tt0103639;disney/tt0103639.mp4
tt0043274;disney/tt0043274.mp4
tt0230011;disney/tt0230011.mp4
tt0034492;disney/tt0034492.mp4
tt0101414;disney/tt0101414.mp4
tt0397892;disney/tt0397892.mp4
tt0328880;disney/tt0328880.mp4
tt0371606;disney/tt0371606.mp4
tt0042332;disney/tt0042332.mp4
tt0130623;disney/tt0130623.mp4
tt0033563;disney/tt0033563.mp4
tt0032455;disney/tt0032455.mp4
tt0120910;disney/tt0120910.mp4
tt0039404;disney/tt0039404.mp4
tt0119282;disney/tt0119282.mp4
tt0299172;disney/tt0299172.mp4
tt0048280;disney/tt0048280.mp4
tt0275847;disney/tt0275847.mp4
tt0038718;disney/tt0038718.mp4
tt0396555;disney/tt0396555.mp4
tt0040580;disney/tt0040580.mp4
tt0120762;disney/tt0120762.mp4
tt0095776;disney/tt0095776.mp4
tt0055254;disney/tt0055254.mp4
tt0046183;disney/tt0046183.mp4
tt0032910;disney/tt0032910.mp4
tt0114148;disney/tt0114148.mp4
tt0070608;disney/tt0070608.mp4
tt0036326;disney/tt0036326.mp4
tt0053285;disney/tt0053285.mp4
tt0029583;disney/tt0029583.mp4
tt0398286;disney/tt0398286.mp4
tt0120855;disney/tt0120855.mp4
tt0041094;disney/tt0041094.mp4
tt0065421;disney/tt0065421.mp4
tt0088814;disney/tt0088814.mp4
tt0082406;disney/tt0082406.mp4
tt0091149;disney/tt0091149.mp4
tt0116583;disney/tt0116583.mp4
tt0061852;disney/tt0061852.mp4
tt0110357;disney/tt0110357.mp4
tt0097757;disney/tt0097757.mp4
tt0780521;disney/tt0780521.mp4
tt0100477;disney/tt0100477.mp4
tt0076618;disney/tt0076618.mp4
tt0057546;disney/tt0057546.mp4
tt0038166;disney/tt0038166.mp4
tt0133240;disney/tt0133240.mp4
tt1449283;disney/tt1449283.mp4
tt0076363;disney/tt0076363.mp4
tt0120917;disney/tt0120917.mp4
tt0478970;marvel/tt0478970.mp4
tt2395427;marvel/tt2395427.mp4
tt0187738;marvel/tt0187738.mp4
tt0120611;marvel/tt0120611.mp4
tt0359013;marvel/tt0359013.mp4
tt3498820;marvel/tt3498820.mp4
tt0458339;marvel/tt0458339.mp4
tt1843866;marvel/tt1843866.mp4
tt0287978;marvel/tt0287978.mp4
tt1431045;marvel/tt1431045.mp4
tt1211837;marvel/tt1211837.mp4
tt0357277;marvel/tt0357277.mp4
tt1502712;marvel/tt1502712.mp4
tt0120667;marvel/tt0120667.mp4
tt1027810;marvel/tt1027810.mp4
tt0259324;marvel/tt0259324.mp4
tt1071875;marvel/tt1071875.mp4
tt2015381;marvel/tt2015381.mp4
tt3896198;marvel/tt3896198.mp4
tt0286716;marvel/tt0286716.mp4
tt1228705;marvel/tt1228705.mp4
tt1300854;marvel/tt1300854.mp4
tt0371746;marvel/tt0371746.mp4
tt3315342;marvel/tt3315342.mp4
tt0450314;marvel/tt0450314.mp4
tt0316654;marvel/tt0316654.mp4
tt0413300;marvel/tt0413300.mp4
tt0145487;marvel/tt0145487.mp4
tt1872181;marvel/tt1872181.mp4
tt0948470;marvel/tt0948470.mp4
tt0848228;marvel/tt0848228.mp4
tt0800080;marvel/tt0800080.mp4
tt0330793;marvel/tt0330793.mp4
tt1430132;marvel/tt1430132.mp4
tt1430132;marvel/tt1430132.mp4
tt1981115;marvel/tt1981115.mp4
tt0290334;marvel/tt0290334.mp4
tt3385516;marvel/tt3385516.mp4
tt1877832;marvel/tt1877832.mp4
tt1270798;marvel/tt1270798.mp4
tt0120903;marvel/tt0120903.mp4
tt0458525;marvel/tt0458525.mp4
tt0376994;marvel/tt0376994.mp4
tt1220634;re/tt1220634.mp4
tt0318627;re/tt0318627.mp4
tt0432021;re/tt0432021.mp4
tt0120804;re/tt0120804.mp4
tt1855325;re/tt1855325.mp4
tt2592614;re/tt2592614.mp4